"Delito","Categoria","Cantidad","Nivel 1","Nivel 2","Nivel 3"
"ABORTO","DELITO DE BAJO IMPACTO",168,,,
"ABUSO DE AUTORIDAD Y USO ILEGAL DE LA FUERZA PUBLICA","DELITO DE BAJO IMPACTO",5924,,,
"ABUSO DE CONFIANZA","DELITO DE BAJO IMPACTO",12050,"Abuso de Confianza",,
"ABUSO SEXUAL","DELITO DE BAJO IMPACTO",10238,"Abuso Sexual",,
"ACOSO SEXUAL","DELITO DE BAJO IMPACTO",2986,,,
"ACOSO SEXUAL AGRAVADO EN CONTRA DE MENORES","DELITO DE BAJO IMPACTO",111,,,
"ALLANAMIENTO DE MORADA, DESPACHO, OFICINA O ESTABLECIMIENTO MERCANTIL","DELITO DE BAJO IMPACTO",2645,,,
"AMENAZAS","DELITO DE BAJO IMPACTO",47076,"Amenazas",,
"ATAQUE A LAS VIAS DE COMUNICACION (DAÑO A VIAS O MEDIOS DE TRANSPORTE)","DELITO DE BAJO IMPACTO",188,,,
"ATAQUE A LAS VIAS GENERALES DE COMUNICACIÓN","DELITO DE BAJO IMPACTO",923,,,
"ATAQUES A LA PAZ PUBLICA","DELITO DE BAJO IMPACTO",11,,,
"BIGAMIA","DELITO DE BAJO IMPACTO",15,,,
"CAMBIO DE USO DE SUELO","DELITO DE BAJO IMPACTO",113,,,
"COALICIÓN DE SERVIDORES PÚBLICOS","DELITO DE BAJO IMPACTO",4,,,
"COBRANZA ILEGITIMA","DELITO DE BAJO IMPACTO",1489,,,
"COHECHO","DELITO DE BAJO IMPACTO",672,,,
"CONCUSION","DELITO DE BAJO IMPACTO",5,,,
"CONTAGIO VENERERO","DELITO DE BAJO IMPACTO",1,,,
"CONTAMINACIÓN O RESIDUOS","DELITO DE BAJO IMPACTO",94,,,
"CONTRA EL CUMPLIMIENTO DE LA OBLIGACION ALIMENTARIA","DELITO DE BAJO IMPACTO",1886,,,
"CONTRA EL ESTADO CIVIL","DELITO DE BAJO IMPACTO",21,,,
"CONTRA FUNCIONARIOS PUBLICOS","DELITO DE BAJO IMPACTO",164,,,
"CONTRA LA INTIMIDAD SEXUAL","DELITO DE BAJO IMPACTO",1852,,,
"CORRUPCION DE MENORES E INCAPACES","DELITO DE BAJO IMPACTO",4,,,
"CORRUPCIÓN DE PERSONAS MENORES DE EDAD O PERSONAS QUE NO TENGAN CAPACIDAD PARA COMPRENDER EL SIGNIFICADO DEL HECHO O DE PERSONAS QUE NO TENGAN CAPACIDAD DE RESISTIR LA CONDUCTA","DELITO DE BAJO IMPACTO",756,,,
"DAÑO EN PROPIEDAD AJENA CULPOSA","DELITO DE BAJO IMPACTO",5014,,,
"DAÑO EN PROPIEDAD AJENA CULPOSA POR TRÁNSITO VEHICULAR A AUTOMOVIL","DELITO DE BAJO IMPACTO",9853,,,
"DAÑO EN PROPIEDAD AJENA CULPOSA POR TRÁNSITO VEHICULAR A BIENES INMUEBLES","DELITO DE BAJO IMPACTO",897,,,
"DAÑO EN PROPIEDAD AJENA CULPOSA POR TRÁNSITO VEHICULAR A VIAS DE COMUNICACION","DELITO DE BAJO IMPACTO",98,,,
"DAÑO EN PROPIEDAD AJENA INTENCIONAL","DELITO DE BAJO IMPACTO",6812,,,
"DAÑO EN PROPIEDAD AJENA INTENCIONAL A AUTOMOVIL","DELITO DE BAJO IMPACTO",4108,,,
"DAÑO EN PROPIEDAD AJENA INTENCIONAL A BIENES INMUEBLES","DELITO DE BAJO IMPACTO",1836,,,
"DAÑO EN PROPIEDAD AJENA INTENCIONAL A CASA HABITACION","DELITO DE BAJO IMPACTO",1863,,,
"DAÑO EN PROPIEDAD AJENA INTENCIONAL A NEGOCIO","DELITO DE BAJO IMPACTO",418,,,
"DAÑO EN PROPIEDAD AJENA INTENCIONAL A VIAS DE COMUNICACION","DELITO DE BAJO IMPACTO",343,,,
"DAÑO SUELO (ACTIVIDAD, INVASIÓN O EXTRACCIÓN)","DELITO DE BAJO IMPACTO",119,,,
"DDH ANONIMAS","HECHO NO DELICTIVO",346,,,
"DDH CERESO","HECHO NO DELICTIVO",128,,,
"DDH FDS","HECHO NO DELICTIVO",102,,,
"DDH FRVT","HECHO NO DELICTIVO",353,,,
"DDH INCOMPETENCIA","HECHO NO DELICTIVO",6,,,
"DDH OFICIO COLABORACION","HECHO NO DELICTIVO",49,,,
"DDH OTRAS MATERIAS","HECHO NO DELICTIVO",787,,,
"DDH REDES","HECHO NO DELICTIVO",139,,,
"DDH RELACIONADAS","HECHO NO DELICTIVO",522,,,
"DDH SIN DATOS","HECHO NO DELICTIVO",288,,,
"DELITOS AMBIENTALES","DELITO DE BAJO IMPACTO",869,,,
"DELITOS CONTRA LA SALUD","DELITO DE BAJO IMPACTO",9,,,
"DELITOS DE ABOGADOS, PATRONOS, LITIGANTES Y ASESORES JURIDICOS","DELITO DE BAJO IMPACTO",396,,,
"DELITOS ELECTORALES","DELITO DE BAJO IMPACTO",530,,,
"DENUNCIA DE HECHOS","HECHO NO DELICTIVO",376,,,
"DENUNCIA DE HECHOS POR ROBO DE CELULAR","HECHO NO DELICTIVO",1,,,
"DESAPARICION FORZADA DE PERSONAS","DELITO DE BAJO IMPACTO",48,,,
"DESOBEDENCIA DE PARTICULARES","DELITO DE BAJO IMPACTO",153,,,
"DESOBEDIENCIA Y RESISTENCIA DE PARTICULARES","DELITO DE BAJO IMPACTO",1255,,,
"DESPOJO","DELITO DE BAJO IMPACTO",12617,"Despojo",,
"DIFAMACION","DELITO DE BAJO IMPACTO",3,,,
"DISCRIMINACION","DELITO DE BAJO IMPACTO",2079,"Discrminación",,
"DISPAROS DE ARMA DE FUEGO","DELITO DE BAJO IMPACTO",261,,,
"EJERCICIO ILEGAL Y ABANDONO DEL SERVICIO PUBLICO","DELITO DE BAJO IMPACTO",828,,,
"EJERCICIO INDEBIDO DEL PROPIO DER.","DELITO DE BAJO IMPACTO",1,,,
"ENCUBRIMIENTO","DELITO DE BAJO IMPACTO",3135,,,
"ENCUBRIMIENTO POR FAVORECIMIENTO","DELITO DE BAJO IMPACTO",437,,,
"ENCUBRIMIENTO POR FAVORECIMIENTO Y RECEPTACIÓN","DELITO DE BAJO IMPACTO",1559,,,
"ENRIQUECIMIENTO ILICITO","DELITO DE BAJO IMPACTO",10,,,
"ENTREGA ILEGITIMA DE UN MENOR","DELITO DE BAJO IMPACTO",2,,,
"ESTUPRO","DELITO DE BAJO IMPACTO",66,,,
"EVASION DE PRESOS","DELITO DE BAJO IMPACTO",27,,,
"EXHORTOS","HECHO NO DELICTIVO",5,,,
"EXPLOTACIÓN LABORAL DE MENORES, PERSONAS CON DISCAPACIDAD FÍSICA O MENTAL Y ADULTOS MAYORES","DELITO DE BAJO IMPACTO",22,,,
"EXPOSICION DE MENORES","DELITO DE BAJO IMPACTO",4,,,
"EXTORSION","DELITO DE BAJO IMPACTO",1761,,,
"FABRICACION, COMERCIALIZACION Y USO INDEBIDO DE INSIGNIAS Y UNIFORMES","DELITO DE BAJO IMPACTO",21,,,
"FALSEDAD ANTE AUTORIDADES","DELITO DE BAJO IMPACTO",1475,,,
"FALSIFICACION O ALTERACION Y USO INDEBIDO DE DOCUMENTOS","DELITO DE BAJO IMPACTO",2942,,,
"FALSIFICACIÓN DE SELLOS, MARCAS, LLAVES, CUÑOS, TROQUELES, CONTRASEÑAS Y OTROS","DELITO DE BAJO IMPACTO",57,,,
"FEMINICIDIO","HOMICIDIO DOLOSO",108,"Feminicidio","Por Otro Medio",
"FEMINICIDIO POR ARMA BLANCA","HOMICIDIO DOLOSO",51,"Feminicidio","Por Arma Blanca",
"FEMINICIDIO POR DISPARO DE ARMA DE FUEGO","HOMICIDIO DOLOSO",44,"Feminicidio","Por Arma de Fuego",
"FEMINICIDIO POR GOLPES","HOMICIDIO DOLOSO",25,"Feminicidio","Por Golpes",
"FRAUDE","DELITO DE BAJO IMPACTO",48934,"Fraude",,
"GESTIÓN AMBIENTAL","DELITO DE BAJO IMPACTO",51,,,
"HOMICIDIO CULPOSO","DELITO DE BAJO IMPACTO",5,,,
"HOMICIDIO CULPOSO CON EXCLUYENTES DE RESPONSABILIDAD","DELITO DE BAJO IMPACTO",48,,,
"HOMICIDIO CULPOSO FUERA DEL D.F (ATROPELLADO)","DELITO DE BAJO IMPACTO",3,,,
"HOMICIDIO CULPOSO FUERA DEL D.F (COLISION)","DELITO DE BAJO IMPACTO",1,,,
"HOMICIDIO CULPOSO POR ARMA DE FUEGO","DELITO DE BAJO IMPACTO",37,,,
"HOMICIDIO CULPOSO POR INSTRUMENTO PUNZO CORTANTE","DELITO DE BAJO IMPACTO",1,,,
"HOMICIDIO CULPOSO POR TRÁNSITO VEHICULAR","DELITO DE BAJO IMPACTO",52,,,
"HOMICIDIO CULPOSO POR TRÁNSITO VEHICULAR (ATROPELLADO)","DELITO DE BAJO IMPACTO",728,,,
"HOMICIDIO CULPOSO POR TRÁNSITO VEHICULAR (CAIDA)","DELITO DE BAJO IMPACTO",132,,,
"HOMICIDIO CULPOSO POR TRÁNSITO VEHICULAR (COLISION)","DELITO DE BAJO IMPACTO",914,,,
"HOMICIDIO POR AHORCAMIENTO","HOMICIDIO DOLOSO",6,"Homicidios Dolosos","Por Otro Medio",
"HOMICIDIO POR ARMA BLANCA","HOMICIDIO DOLOSO",468,"Homicidios Dolosos","Por Arma Blanca",
"HOMICIDIO POR ARMA DE FUEGO","HOMICIDIO DOLOSO",3228,"Homicidios Dolosos","Por Arma de Fuego",
"HOMICIDIO POR GOLPES","HOMICIDIO DOLOSO",274,"Homicidios Dolosos","Por Golpes",
"HOMICIDIOS INTENCIONALES (OTROS)","HOMICIDIO DOLOSO",236,"Homicidios Dolosos","Por Otro Medio",
"INCESTO","DELITO DE BAJO IMPACTO",1,,,
"INHUMACION, EXHUMACION Y RESPETO A LOS CADAVERES O RESTOS HUMANOS","DELITO DE BAJO IMPACTO",47,,,
"INTIMIDACION","DELITO DE BAJO IMPACTO",45,,,
"INTIMIDACION (EVITAR DENUNCIA, APORTE INFORMACIÓN O PRUEBAS)","DELITO DE BAJO IMPACTO",1,,,
"LA ADMINISTRACION DE JUSTICIA","DELITO DE BAJO IMPACTO",2265,,,
"LESIONES CULPOSAS","DELITO DE BAJO IMPACTO",1150,,,
"LESIONES CULPOSAS ACCIDENTE LABORAL","DELITO DE BAJO IMPACTO",99,,,
"LESIONES CULPOSAS CON EXCLUYENTES DE RESPONSABILIDAD","DELITO DE BAJO IMPACTO",45,,,
"LESIONES CULPOSAS POR CAIDA","DELITO DE BAJO IMPACTO",500,,,
"LESIONES CULPOSAS POR CAIDA DE VEHÍCULO EN MOVIMIENTO","DELITO DE BAJO IMPACTO",224,,,
"LESIONES CULPOSAS POR QUEMADURAS","DELITO DE BAJO IMPACTO",222,,,
"LESIONES CULPOSAS POR TRANSITO VEHICULAR","DELITO DE BAJO IMPACTO",2837,,,
"LESIONES CULPOSAS POR TRANSITO VEHICULAR EN COLISION","DELITO DE BAJO IMPACTO",7379,,,
"LESIONES DOLOSAS POR QUEMADURAS","DELITO DE BAJO IMPACTO",31,"Lesiones Dolosas","Por otro Medio",
"LESIONES INTENCIONALES","DELITO DE BAJO IMPACTO",895,"Lesiones Dolosas","Por otro Medio",
"LESIONES INTENCIONALES POR ARMA BLANCA","DELITO DE BAJO IMPACTO",1846,"Lesiones Dolosas","Por Arma Blanca",
"LESIONES INTENCIONALES POR ARMA DE FUEGO","LESIONES DOLOSAS POR DISPARO DE ARMA DE FUEGO",2399,"Lesiones Dolosas","Por Arma de Fuego",
"LESIONES INTENCIONALES POR GOLPES","DELITO DE BAJO IMPACTO",8486,"Lesiones Dolosas","Por Golpes",
"LESIONES INTENCIONALES Y ROBO DE VEHICULO","DELITO DE BAJO IMPACTO",6,,,
"LEY FEDERAL DE ARMAS DE FUEGO Y EXPLOSIVOS","DELITO DE BAJO IMPACTO",2,,,
"MALTRATO ANIMAL","DELITO DE BAJO IMPACTO",1022,,,
"NARCOMENUDEO POSESION SIMPLE","DELITO DE BAJO IMPACTO",13900,"Narcomenudeo","Posesión Simple",
"NARCOMENUDEO POSESIÓN CON FINES DE VENTA, COMERCIO Y SUMINISTRO","DELITO DE BAJO IMPACTO",4232,"Narcomenudeo","Posesión con Fines de venta, comercio y suministro",
"NEGACION DEL SERVICIO PUBLICO","DELITO DE BAJO IMPACTO",1964,,,
"OMISION DE AUXILIO O DE CUIDADO","DELITO DE BAJO IMPACTO",2920,,,
"OPERACIONES CON RECURSOS DE PROCEDENCIA ILEGAL","DELITO DE BAJO IMPACTO",8,,,
"OPERACIONES CON RECURSOS DE PROCEDENCIA ILICITA","DELITO DE BAJO IMPACTO",77,,,
"OPOSICION A QUE SE EJECUTE ALGUNA OBRA O TRABAJO PUBLICOS","DELITO DE BAJO IMPACTO",13,,,
"OTROS AMBIENTALES","DELITO DE BAJO IMPACTO",10,,,
"OTROS DELITOS","DELITO DE BAJO IMPACTO",1,,,
"PANDILLA, ASOCIACIÓN DELICTUOSA Y DELINCUENCIA ORGANIZADA","DELITO DE BAJO IMPACTO",15,,,
"PECULADO","DELITO DE BAJO IMPACTO",45,,,
"PELIGRO DE CONTAGIO","DELITO DE BAJO IMPACTO",160,,,
"PERDIDA DE LA VIDA ASFIXIA POR ALIMENTOS/ LIQUIDOS","HECHO NO DELICTIVO",19,,,
"PERDIDA DE LA VIDA POR ACCIDENTE LABORAL","HECHO NO DELICTIVO",58,,,
"PERDIDA DE LA VIDA POR AHOGAMIENTO","HECHO NO DELICTIVO",60,,,
"PERDIDA DE LA VIDA POR ASFIXIA","HECHO NO DELICTIVO",17,,,
"PERDIDA DE LA VIDA POR CAIDA","HECHO NO DELICTIVO",379,,,
"PERDIDA DE LA VIDA POR CONGESTION ALCOHOLICA","HECHO NO DELICTIVO",33,,,
"PERDIDA DE LA VIDA POR DERRUMBE","HECHO NO DELICTIVO",35,,,
"PERDIDA DE LA VIDA POR ENFERMEDAD","HECHO NO DELICTIVO",258,,,
"PERDIDA DE LA VIDA POR ENVENENAMIENTO","HECHO NO DELICTIVO",2,,,
"PERDIDA DE LA VIDA POR INTOXICACION","HECHO NO DELICTIVO",95,,,
"PERDIDA DE LA VIDA POR OTRAS CAUSAS","HECHO NO DELICTIVO",3497,,,
"PERDIDA DE LA VIDA POR PARO CARDIACO","HECHO NO DELICTIVO",326,,,
"PERDIDA DE LA VIDA POR PRECIPITACION","HECHO NO DELICTIVO",86,,,
"PERDIDA DE LA VIDA POR QUEMADURA","HECHO NO DELICTIVO",90,,,
"PERDIDA DE LA VIDA POR SUICIDIO","HECHO NO DELICTIVO",1529,,,
"PERDIDA DE LA VIDA POR SUICIDIO EN EL METRO","HECHO NO DELICTIVO",85,,,
"PERSONAS EXTRAVIADAS Y AUSENTES","DELITO DE BAJO IMPACTO",1194,,,
"PLAGIO O SECUESTRO","SECUESTRO",105,,,
"PORNOGRAFÍA","DELITO DE BAJO IMPACTO",254,,,
"PORTACION DE ARMA DE FUEGO","DELITO DE BAJO IMPACTO",930,,,
"PORTACIÓN, FABRICACIÓN E IMPORTACIÓN DE OBJETOS APTOS PARA AGREDIR","DELITO DE BAJO IMPACTO",523,,,
"POSESION DE VEHICULO ROBADO","DELITO DE BAJO IMPACTO",398,,,
"PRIV. ILEGAL DE LA LIB. Y ROBO DE VEHICULO","DELITO DE BAJO IMPACTO",119,,,
"PRIVACION DE LA LIBERTAD PERSONAL","DELITO DE BAJO IMPACTO",2360,,,
"PRIVACION DE LA LIBERTAD PERSONAL (REALIZAR ACTO SEXUAL)","DELITO DE BAJO IMPACTO",24,,,
"PROCREACION ASISTIDA, INSEMINACION ARTIFICIAL Y ESTERILIZACION FORZADA","DELITO DE BAJO IMPACTO",2,,,
"PRODUCCIÓN, IMPRESIÓN, ENAJENACIÓN, DISTRIBUCIÓN, ALTERACIÓN O FALSIFICACIÓN DE TÍTULOS AL PORTADOR, DOCUMENTOS DE CRÉDITO PÚBLICOS O VALES DE CANJE","DELITO DE BAJO IMPACTO",10292,,,
"QUEBRANTAMIENTO DE SELLOS","DELITO DE BAJO IMPACTO",982,,,
"REGULACIÓN URBANA","DELITO DE BAJO IMPACTO",19,,,
"RESPONSABILIDAD PROFESIONAL Y TECNICA","DELITO DE BAJO IMPACTO",574,,,
"RETENCIÓN DE MENORES","DELITO DE BAJO IMPACTO",667,,,
"RETENCIÓN O SUSTRACCIÓN DE MENORES INCAPACES","DELITO DE BAJO IMPACTO",1009,,,
"REVELACION DE SECRETOS","DELITO DE BAJO IMPACTO",364,,,
"ROBO A CASA HABITACION CON VIOLENCIA","ROBO A CASA HABITACIÓN CON VIOLENCIA",1892,"Robo a Casa Habitación","Con Violencia",
"ROBO A CASA HABITACION SIN VIOLENCIA","DELITO DE BAJO IMPACTO",13080,"Robo a Casa Habitación","Sin Violencia",
"ROBO A CASA HABITACION Y VEHICULO CON VIOLENCIA","ROBO A CASA HABITACIÓN CON VIOLENCIA",129,,,
"ROBO A CASA HABITACION Y VEHICULO SIN VIOLENCIA","DELITO DE BAJO IMPACTO",120,,,
"ROBO A LOCALES SEMIFIJOS (PUESTOS DE ALIMENTOS,BEBIDAS, ENSERES, PERIODICOS,LOTERIA, OTROS)","DELITO DE BAJO IMPACTO",206,,,
"ROBO A NEGOCIO CON VIOLENCIA","ROBO A NEGOCIO CON VIOLENCIA",19307,,,
"ROBO A NEGOCIO CON VIOLENCIA POR FARDEROS (TIENDAS DE AUTOSERVICIO)","ROBO A NEGOCIO CON VIOLENCIA",200,"Robo a Negocio y Tiendas de Autoservicio","Con Violencia",
"ROBO A NEGOCIO CON VIOLENCIA POR FARDEROS (TIENDAS DE CONVENIENCIA)","ROBO A NEGOCIO CON VIOLENCIA",1537,"Robo a Negocio y Tiendas de Autoservicio","Con Violencia",
"ROBO A NEGOCIO SIN VIOLENCIA","DELITO DE BAJO IMPACTO",28332,,,
"ROBO A NEGOCIO SIN VIOLENCIA POR FARDEROS","DELITO DE BAJO IMPACTO",1080,,,
"ROBO A NEGOCIO SIN VIOLENCIA POR FARDEROS (TIENDAS DE AUTOSERVICIO)","DELITO DE BAJO IMPACTO",11680,"Robo a Negocio y Tiendas de Autoservicio","Sin Violencia",
"ROBO A NEGOCIO SIN VIOLENCIA POR FARDEROS (TIENDAS DE CONVENIENCIA)","DELITO DE BAJO IMPACTO",1696,"Robo a Negocio y Tiendas de Autoservicio","Sin Violencia",
"ROBO A NEGOCIO Y VEHICULO CON VIOLENCIA","ROBO A NEGOCIO CON VIOLENCIA",149,,,
"ROBO A NEGOCIO Y VEHICULO SIN VIOLENCIA","DELITO DE BAJO IMPACTO",48,,,
"ROBO A OFICINA PÚBLICA CON VIOLENCIA","ROBO A NEGOCIO CON VIOLENCIA",47,,,
"ROBO A OFICINA PÚBLICA SIN VIOLENCIA","DELITO DE BAJO IMPACTO",546,,,
"ROBO A PASAJERO / CONDUCTOR DE VEHICULO CON VIOLENCIA","DELITO DE BAJO IMPACTO",9001,,,
"ROBO A PASAJERO A BORDO DE METRO CON VIOLENCIA","ROBO A PASAJERO A BORDO DEL METRO CON Y SIN VIOLENCIA",581,"Robo en Transporte Público","A Bordo de Metro","Con Violencia"
"ROBO A PASAJERO A BORDO DE METRO SIN VIOLENCIA","ROBO A PASAJERO A BORDO DEL METRO CON Y SIN VIOLENCIA",4268,"Robo en Transporte Público","A Bordo de Metro","Sin Violencia"
"ROBO A PASAJERO A BORDO DE METROBUS CON VIOLENCIA","DELITO DE BAJO IMPACTO",158,"Robo en Transporte Público","A Bordo de Metrobús","Con Violencia"
"ROBO A PASAJERO A BORDO DE METROBUS SIN VIOLENCIA","DELITO DE BAJO IMPACTO",1618,"Robo en Transporte Público","A Bordo de Metrobús","Sin Violencia"
"ROBO A PASAJERO A BORDO DE PESERO COLECTIVO CON VIOLENCIA","ROBO A PASAJERO A BORDO DE MICROBUS CON Y SIN VIOLENCIA",2092,"Robo en Transporte Público","A Bordo de Pesero","Con Violencia"
"ROBO A PASAJERO A BORDO DE PESERO COLECTIVO SIN VIOLENCIA","ROBO A PASAJERO A BORDO DE MICROBUS CON Y SIN VIOLENCIA",298,"Robo en Transporte Público","A Bordo de Pesero","Sin Violencia"
"ROBO A PASAJERO A BORDO DE PESERO Y VEHICULO CON VIOLENCIA","DELITO DE BAJO IMPACTO",2,"Robo en Transporte Público","A Bordo de Pesero","Con Violencia"
"ROBO A PASAJERO A BORDO DE TRANSPORTE PÚBLICO CON VIOLENCIA","DELITO DE BAJO IMPACTO",4520,,,
"ROBO A PASAJERO A BORDO DE TRANSPORTE PÚBLICO SIN VIOLENCIA","DELITO DE BAJO IMPACTO",1666,,,
"ROBO A PASAJERO EN AUTOBUS FORANEO SIN VIOLENCIA","DELITO DE BAJO IMPACTO",10,"Robo en Transporte Público","Otro Tipo de Transporte","Sin Violencia"
"ROBO A PASAJERO EN AUTOBÚS FORÁNEO CON VIOLENCIA","DELITO DE BAJO IMPACTO",36,"Robo en Transporte Público","Otro Tipo de Transporte","Con Violencia"
"ROBO A PASAJERO EN ECOBUS CON VIOLENCIA","DELITO DE BAJO IMPACTO",5,"Robo en Transporte Público","Otro Tipo de Transporte","Con Violencia"
"ROBO A PASAJERO EN ECOBUS SIN VIOLENCIA","DELITO DE BAJO IMPACTO",8,"Robo en Transporte Público","Otro Tipo de Transporte","Sin Violencia"
"ROBO A PASAJERO EN RTP CON VIOLENCIA","DELITO DE BAJO IMPACTO",166,"Robo en Transporte Público","Otro Tipo de Transporte","Con Violencia"
"ROBO A PASAJERO EN RTP SIN VIOLENCIA","DELITO DE BAJO IMPACTO",41,"Robo en Transporte Público","Otro Tipo de Transporte","Sin Violencia"
"ROBO A PASAJERO EN TREN LIGERO CON VIOLENCIA","DELITO DE BAJO IMPACTO",9,"Robo en Transporte Público","Otro Tipo de Transporte","Con Violencia"
"ROBO A PASAJERO EN TREN LIGERO SIN VIOLENCIA","DELITO DE BAJO IMPACTO",118,"Robo en Transporte Público","Otro Tipo de Transporte","Sin Violencia"
"ROBO A PASAJERO EN TREN SUBURBANO CON VIOLENCIA","DELITO DE BAJO IMPACTO",3,"Robo en Transporte Público","Otro Tipo de Transporte","Con Violencia"
"ROBO A PASAJERO EN TREN SUBURBANO SIN VIOLENCIA","DELITO DE BAJO IMPACTO",40,"Robo en Transporte Público","Otro Tipo de Transporte","Sin Violencia"
"ROBO A PASAJERO EN TROLEBUS CON VIOLENCIA","DELITO DE BAJO IMPACTO",67,"Robo en Transporte Público","Otro Tipo de Transporte","Con Violencia"
"ROBO A PASAJERO EN TROLEBUS SIN VIOLENCIA","DELITO DE BAJO IMPACTO",390,"Robo en Transporte Público","Otro Tipo de Transporte","Sin Violencia"
"ROBO A REPARTIDOR CON VIOLENCIA","ROBO A REPARTIDOR CON Y SIN VIOLENCIA",6710,"Robo a Repartidor","Con Violencia",
"ROBO A REPARTIDOR SIN VIOLENCIA","ROBO A REPARTIDOR CON Y SIN VIOLENCIA",2087,"Robo a Repartidor","Sin Violencia",
"ROBO A REPARTIDOR Y VEHICULO CON VIOLENCIA","ROBO A REPARTIDOR CON Y SIN VIOLENCIA",347,"Robo a Repartidor","Con Violencia",
"ROBO A REPARTIDOR Y VEHICULO SIN VIOLENCIA","ROBO A REPARTIDOR CON Y SIN VIOLENCIA",43,"Robo a Repartidor","Sin Violencia",
"ROBO A SUCURSAL BANCARIA (SUPERMERCADO) SIN VIOLENCIA","DELITO DE BAJO IMPACTO",10,,,
"ROBO A SUCURSAL BANCARIA CON VIOLENCIA","ROBO A NEGOCIO CON VIOLENCIA",86,,,
"ROBO A SUCURSAL BANCARIA DENTRO DE  TIENDAS DE AUTOSERVICIO CON VIOLENCIA","ROBO A NEGOCIO CON VIOLENCIA",26,,,
"ROBO A SUCURSAL BANCARIA DENTRO DE  TIENDAS DE AUTOSERVICIO S/V","DELITO DE BAJO IMPACTO",5,,,
"ROBO A SUCURSAL BANCARIA SIN VIOLENCIA","DELITO DE BAJO IMPACTO",16,,,
"ROBO A TRANSEUNTE A BORDO DE TAXI PUBLICO Y PRIVADO SIN VIOLENCIA","DELITO DE BAJO IMPACTO",760,,,
"ROBO A TRANSEUNTE A BORDO DE TAXI PÚBLICO Y PRIVADO CON VIOLENCIA","ROBO A PASAJERO A BORDO DE TAXI CON VIOLENCIA",877,,,
"ROBO A TRANSEUNTE CONDUCTOR DE TAXI PUBLICO Y PRIVADO CON VIOLENCIA","DELITO DE BAJO IMPACTO",1367,,,
"ROBO A TRANSEUNTE DE CELULAR CON VIOLENCIA","DELITO DE BAJO IMPACTO",840,,,
"ROBO A TRANSEUNTE DE CELULAR SIN VIOLENCIA","DELITO DE BAJO IMPACTO",619,,,
"ROBO A TRANSEUNTE EN HOTEL CON VIOLENCIA","DELITO DE BAJO IMPACTO",41,,,
"ROBO A TRANSEUNTE EN NEGOCIO CON VIOLENCIA","DELITO DE BAJO IMPACTO",1883,,,
"ROBO A TRANSEUNTE EN PARQUES Y MERCADOS CON VIOLENCIA","DELITO DE BAJO IMPACTO",2528,,,
"ROBO A TRANSEUNTE EN RESTAURANT CON VIOLENCIA","DELITO DE BAJO IMPACTO",361,,,
"ROBO A TRANSEUNTE EN TERMINAL DE PASAJEROS CON VIOLENCIA","DELITO DE BAJO IMPACTO",8,,,
"ROBO A TRANSEUNTE EN VIA PUBLICA (NOMINA) CON VIOLENCIA","ROBO A TRANSEUNTE EN VÍA PÚBLICA CON Y SIN VIOLENCIA",14,,,
"ROBO A TRANSEUNTE EN VIA PUBLICA (NOMINA) SIN VIOLENCIA","ROBO A TRANSEUNTE EN VÍA PÚBLICA CON Y SIN VIOLENCIA",1,,,
"ROBO A TRANSEUNTE EN VIA PUBLICA CON VIOLENCIA","ROBO A TRANSEUNTE EN VÍA PÚBLICA CON Y SIN VIOLENCIA",33908,"Robo a Transeúnte en Vía Pública","Con Violencia",
"ROBO A TRANSEUNTE EN VIA PUBLICA SIN VIOLENCIA","ROBO A TRANSEUNTE EN VÍA PÚBLICA CON Y SIN VIOLENCIA",5878,"Robo a Transeúnte en Vía Pública","Sin Violencia",
"ROBO A TRANSEUNTE SALIENDO DEL BANCO CON VIOLENCIA","ROBO A CUENTAHABIENTE SALIENDO DEL CAJERO CON VIOLENCIA",1072,,,
"ROBO A TRANSEUNTE SALIENDO DEL CAJERO CON VIOLENCIA","ROBO A CUENTAHABIENTE SALIENDO DEL CAJERO CON VIOLENCIA",342,,,
"ROBO A TRANSEUNTE Y VEHICULO CON VIOLENCIA","DELITO DE BAJO IMPACTO",4,,,
"ROBO A TRANSPORTISTA Y VEHICULO PESADO CON VIOLENCIA","ROBO A TRANSPORTISTA CON Y SIN VIOLENCIA",315,,,
"ROBO A TRANSPORTISTA Y VEHICULO PESADO SIN VIOLENCIA","ROBO A TRANSPORTISTA CON Y SIN VIOLENCIA",18,,,
"ROBO DE ACCESORIOS DE AUTO","DELITO DE BAJO IMPACTO",24114,"Robo de Accesorios de Auto",,
"ROBO DE ALHAJAS","DELITO DE BAJO IMPACTO",131,,,
"ROBO DE ANIMALES","DELITO DE BAJO IMPACTO",342,,,
"ROBO DE ARMA","DELITO DE BAJO IMPACTO",357,,,
"ROBO DE CONTENEDORES DE TRAILERS S/V","DELITO DE BAJO IMPACTO",62,,,
"ROBO DE DINERO","DELITO DE BAJO IMPACTO",2415,,,
"ROBO DE DOCUMENTOS","DELITO DE BAJO IMPACTO",2504,,,
"ROBO DE FLUIDOS","DELITO DE BAJO IMPACTO",261,,,
"ROBO DE INFANTE","DELITO DE BAJO IMPACTO",1,,,
"ROBO DE MAQUINARIA CON VIOLENCIA","ROBO DE VEHÍCULO CON Y SIN VIOLENCIA",70,,,
"ROBO DE MAQUINARIA SIN VIOLENCIA","ROBO DE VEHÍCULO CON Y SIN VIOLENCIA",36,,,
"ROBO DE MERCANCIA A TRANSPORTISTA C/V","ROBO A TRANSPORTISTA CON Y SIN VIOLENCIA",17,,,
"ROBO DE MERCANCIA EN CONTENEDEROS EN ÁREAS FEDERALES","DELITO DE BAJO IMPACTO",44,,,
"ROBO DE MOTOCICLETA CON VIOLENCIA","ROBO DE VEHÍCULO CON Y SIN VIOLENCIA",2122,,,
"ROBO DE MOTOCICLETA SIN VIOLENCIA","ROBO DE VEHÍCULO CON Y SIN VIOLENCIA",4120,,,
"ROBO DE OBJETOS","DELITO DE BAJO IMPACTO",35350,"Robo de Objetos",,
"ROBO DE OBJETOS A ESCUELA","DELITO DE BAJO IMPACTO",1417,,,
"ROBO DE OBJETOS DEL INTERIOR DE UN VEHICULO","DELITO DE BAJO IMPACTO",18430,"Robo de Objetos al Interior de un Vehículo",,
"ROBO DE PLACA DE AUTOMOVIL","DELITO DE BAJO IMPACTO",3677,,,
"ROBO DE VEHICULO DE PEDALES","DELITO DE BAJO IMPACTO",4950,,,
"ROBO DE VEHICULO DE SERVICIO DE TRANSPORTE CON VIOLENCIA","ROBO DE VEHÍCULO CON Y SIN VIOLENCIA",38,,,
"ROBO DE VEHICULO DE SERVICIO DE TRANSPORTE SIN VIOLENCIA","ROBO DE VEHÍCULO CON Y SIN VIOLENCIA",103,,,
"ROBO DE VEHICULO DE SERVICIO OFICIAL CON VIOLENCIA","ROBO DE VEHÍCULO CON Y SIN VIOLENCIA",23,,,
"ROBO DE VEHICULO DE SERVICIO OFICIAL SIN VIOLENCIA","ROBO DE VEHÍCULO CON Y SIN VIOLENCIA",96,,,
"ROBO DE VEHICULO DE SERVICIO PARTICULAR CON VIOLENCIA","ROBO DE VEHÍCULO CON Y SIN VIOLENCIA",6460,"Robo de Vehículo de Servicio Particular","Con Violencia",
"ROBO DE VEHICULO DE SERVICIO PARTICULAR SIN VIOLENCIA","ROBO DE VEHÍCULO CON Y SIN VIOLENCIA",15603,"Robo de Vehículo de Servicio Particular","Sin Violencia",
"ROBO DE VEHICULO DE SERVICIO PÚBLICO CON VIOLENCIA","ROBO DE VEHÍCULO CON Y SIN VIOLENCIA",1529,,,
"ROBO DE VEHICULO DE SERVICIO PÚBLICO SIN VIOLENCIA","ROBO DE VEHÍCULO CON Y SIN VIOLENCIA",1121,,,
"ROBO DE VEHICULO ELECTRICO MOTOPATIN","DELITO DE BAJO IMPACTO",12,,,
"ROBO DE VEHICULO EN PENSION, TALLER Y AGENCIAS C/V","ROBO DE VEHÍCULO CON Y SIN VIOLENCIA",36,,,
"ROBO DE VEHICULO EN PENSION, TALLER Y AGENCIAS S/V","ROBO DE VEHÍCULO CON Y SIN VIOLENCIA",46,,,
"ROBO DURANTE TRASLADO DE VALORES (NOMINA) CON VIOLENCIA","ROBO A NEGOCIO CON VIOLENCIA",3,,,
"ROBO DURANTE TRASLADO DE VALORES (NOMINA) SIN VIOLENCIA","DELITO DE BAJO IMPACTO",2,,,
"ROBO EN EVENTOS MASIVOS (DEPORTIVOS, CULTURALES, RELIGIOSOS Y ARTISTICOS) S/V","DELITO DE BAJO IMPACTO",220,,,
"ROBO EN INTERIOR DE EMPRESA (NOMINA) CON VIOLENCIA","ROBO A NEGOCIO CON VIOLENCIA",16,,,
"ROBO EN INTERIOR DE EMPRESA (NOMINA) SIN VIOLENCIA","DELITO DE BAJO IMPACTO",11,,,
"ROBO S/V DENTRO DE NEGOCIOS, AUTOSERVICIOS, CONVENIENCIA","DELITO DE BAJO IMPACTO",2016,,,
"SABOTAJE","DELITO DE BAJO IMPACTO",4,,,
"SECUESTRO EXPRESS (PARA COMETER ROBO O EXTORSIÓN)","DELITO DE BAJO IMPACTO",202,,,
"SUSTRACCIÓN DE MENORES","DELITO DE BAJO IMPACTO",2450,,,
"TALA","DELITO DE BAJO IMPACTO",209,,,
"TENTATIVA DE EXTORSION","DELITO DE BAJO IMPACTO",7007,,,
"TENTATIVA DE FEMINICIDIO","DELITO DE BAJO IMPACTO",81,,,
"TENTATIVA DE FRAUDE","DELITO DE BAJO IMPACTO",92,,,
"TENTATIVA DE HOMICIDIO","DELITO DE BAJO IMPACTO",280,,,
"TENTATIVA DE ROBO","DELITO DE BAJO IMPACTO",773,,,
"TENTATIVA DE ROBO DE VEHICULO","DELITO DE BAJO IMPACTO",107,,,
"TENTATIVA DE SUICIDIO","DELITO DE BAJO IMPACTO",80,,,
"TENTATIVA DE VIOLACION","DELITO DE BAJO IMPACTO",67,,,
"TORTURA","DELITO DE BAJO IMPACTO",386,,,
"TRAFICO DE INFANTES","DELITO DE BAJO IMPACTO",4,,,
"TRAFICO DE INFLUENCIA","DELITO DE BAJO IMPACTO",34,,,
"TRATA DE PERSONAS","DELITO DE BAJO IMPACTO",281,,,
"USO DE DOCUMENTO FALSO","DELITO DE BAJO IMPACTO",426,,,
"USO INDEBIDO DE ATRIBUCIONES Y FACULTADES","DELITO DE BAJO IMPACTO",127,,,
"USURPACION DE FUNCIONES PUBLICAS","DELITO DE BAJO IMPACTO",120,,,
"USURPACION DE PROFESION","DELITO DE BAJO IMPACTO",189,,,
"USURPACIÓN DE IDENTIDAD","DELITO DE BAJO IMPACTO",10583,,,
"VARIACION DE NOMBRE O DOMICILIO","DELITO DE BAJO IMPACTO",48,,,
"VIOLACION","VIOLACIÓN",3036,,,
"VIOLACION A LOS DERECHOS HUMANOS","DELITO DE BAJO IMPACTO",1,,,
"VIOLACION DE CORRESPONDENCIA","DELITO DE BAJO IMPACTO",110,,,
"VIOLACION DE LA INTIMIDAD","DELITO DE BAJO IMPACTO",57,,,
"VIOLACION EQUIPARADA","VIOLACIÓN",1262,,,
"VIOLACION EQUIPARADA POR CONOCIDO","VIOLACIÓN",74,,,
"VIOLACION EQUIPARADA Y ROBO DE VEHICULO","VIOLACIÓN",9,,,
"VIOLACION TUMULTUARIA","VIOLACIÓN",74,,,
"VIOLACION TUMULTUARIA EQUIPARADA","VIOLACIÓN",4,,,
"VIOLACION TUMULTUARIA EQUIPARADA POR CONOCIDO","VIOLACIÓN",2,,,
"VIOLACION Y ROBO DE VEHICULO","VIOLACIÓN",1,,,
"VIOLENCIA FAMILIAR","DELITO DE BAJO IMPACTO",94592,"Violencia Familiar",,
